,name,type,value,date
0,人口,China,10000,2019-01-01
1,人口,China,12917,2019-01-02
2,人口,China,16109,2019-01-03
3,人口,China,20743,2019-01-04
4,人口,China,21768,2019-01-05
5,人口,China,23494,2019-01-06
6,人口,China,25954,2019-01-07
7,人口,China,28952,2019-01-08
8,人口,China,30660,2019-01-09
9,人口,China,33027,2019-01-10
10,人口,China,35901,2019-01-11
11,人口,China,38824,2019-01-12
12,人口,China,40745,2019-01-13
13,人口,China,43863,2019-01-14
14,人口,China,46258,2019-01-15
15,人口,China,48556,2019-01-16
16,人口,China,51433,2019-01-17
17,人口,China,53303,2019-01-18
18,人口,China,56348,2019-01-19
19,人口,China,60423,2019-01-20
20,人口,China,64245,2019-01-21
21,人口,China,65976,2019-01-22
22,人口,China,68189,2019-01-23
23,人口,China,69218,2019-01-24
24,人口,China,72747,2019-01-25
25,人口,China,75591,2019-01-26
26,人口,China,78156,2019-01-27
27,人口,China,80437,2019-01-28
28,人口,China,82733,2019-01-29
29,人口,China,86924,2019-01-30
30,人口,China,89152,2019-01-31
31,人口,China,91676,2019-02-01
32,人口,China,95983,2019-02-02
33,人口,China,98192,2019-02-03
34,人口,China,99724,2019-02-04
35,人口,China,101903,2019-02-05
36,人口,China,106054,2019-02-06
37,人口,China,109456,2019-02-07
38,人口,China,110662,2019-02-08
39,人口,China,112320,2019-02-09
40,人口,China,114877,2019-02-10
41,人口,China,118368,2019-02-11
42,人口,China,122653,2019-02-12
43,人口,China,125069,2019-02-13
44,人口,China,126356,2019-02-14
45,人口,China,128962,2019-02-15
46,人口,China,130589,2019-02-16
47,人口,China,133405,2019-02-17
48,人口,China,137133,2019-02-18
49,人口,China,141024,2019-02-19
50,人口,China,144312,2019-02-20
51,人口,China,145839,2019-02-21
52,人口,China,148898,2019-02-22
53,人口,China,150214,2019-02-23
54,人口,China,155036,2019-02-24
55,人口,China,159272,2019-02-25
56,人口,China,161917,2019-02-26
57,人口,China,164534,2019-02-27
58,人口,China,167355,2019-02-28
59,人口,China,170711,2019-03-01
60,人口,China,174544,2019-03-02
61,人口,China,177204,2019-03-03
62,人口,China,180550,2019-03-04
63,人口,China,184969,2019-03-05
64,人口,China,188369,2019-03-06
65,人口,China,189468,2019-03-07
66,人口,China,191247,2019-03-08
67,人口,China,194103,2019-03-09
68,人口,China,195554,2019-03-10
69,人口,China,200384,2019-03-11
70,人口,China,201622,2019-03-12
71,人口,China,205996,2019-03-13
72,人口,China,210667,2019-03-14
73,人口,China,213756,2019-03-15
74,人口,China,216762,2019-03-16
75,人口,China,221025,2019-03-17
76,人口,China,224657,2019-03-18
77,人口,China,229593,2019-03-19
78,人口,China,231872,2019-03-20
79,人口,China,236612,2019-03-21
80,人口,China,239424,2019-03-22
81,人口,China,244202,2019-03-23
82,人口,China,247640,2019-03-24
83,人口,China,250511,2019-03-25
84,人口,China,252566,2019-03-26
85,人口,China,257424,2019-03-27
86,人口,China,259231,2019-03-28
87,人口,China,263523,2019-03-29
88,人口,China,268307,2019-03-30
89,人口,China,273211,2019-03-31
90,人口,China,276828,2019-04-01
91,人口,China,278169,2019-04-02
92,人口,China,281428,2019-04-03
93,人口,China,285612,2019-04-04
94,人口,China,287848,2019-04-05
95,人口,China,288866,2019-04-06
96,人口,China,292158,2019-04-07
97,人口,China,296348,2019-04-08
98,人口,China,300491,2019-04-09
99,人口,China,304736,2019-04-10
100,人口,China,306348,2019-04-11
101,人口,China,307482,2019-04-12
102,人口,China,311788,2019-04-13
103,人口,China,315097,2019-04-14
104,人口,China,316891,2019-04-15
105,人口,China,320079,2019-04-16
106,人口,China,324168,2019-04-17
107,人口,China,328112,2019-04-18
108,人口,China,332262,2019-04-19
109,人口,China,335204,2019-04-20
110,人口,China,338888,2019-04-21
111,人口,China,340488,2019-04-22
112,人口,China,344735,2019-04-23
113,人口,China,347112,2019-04-24
114,人口,China,351393,2019-04-25
115,人口,China,353308,2019-04-26
116,人口,China,357943,2019-04-27
117,人口,China,361071,2019-04-28
118,人口,China,365085,2019-04-29
119,人口,China,366737,2019-04-30
120,人口,China,368926,2019-05-01
121,人口,China,372616,2019-05-02
122,人口,China,376491,2019-05-03
123,人口,China,380433,2019-05-04
124,人口,China,384777,2019-05-05
125,人口,China,386460,2019-05-06
126,人口,China,387978,2019-05-07
127,人口,China,392037,2019-05-08
128,人口,China,395146,2019-05-09
129,人口,China,396160,2019-05-10
130,人口,China,399563,2019-05-11
131,人口,China,403566,2019-05-12
132,人口,China,407349,2019-05-13
133,人口,China,409706,2019-05-14
134,人口,China,412029,2019-05-15
135,人口,China,415687,2019-05-16
136,人口,China,417325,2019-05-17
137,人口,China,419119,2019-05-18
138,人口,China,421572,2019-05-19
139,人口,China,426464,2019-05-20
140,人口,China,429744,2019-05-21
141,人口,China,430783,2019-05-22
142,人口,China,432453,2019-05-23
143,人口,China,437203,2019-05-24
144,人口,China,439509,2019-05-25
145,人口,China,441617,2019-05-26
146,人口,China,443443,2019-05-27
147,人口,China,444505,2019-05-28
148,人口,China,446347,2019-05-29
149,人口,China,447767,2019-05-30
150,人口,China,451454,2019-05-31
151,人口,China,455568,2019-06-01
152,人口,China,457641,2019-06-02
153,人口,China,461459,2019-06-03
154,人口,China,464258,2019-06-04
155,人口,China,469083,2019-06-05
156,人口,China,474027,2019-06-06
157,人口,China,477314,2019-06-07
158,人口,China,480431,2019-06-08
159,人口,China,483232,2019-06-09
160,人口,China,485305,2019-06-10
161,人口,China,488292,2019-06-11
162,人口,China,490939,2019-06-12
163,人口,China,494051,2019-06-13
164,人口,China,495867,2019-06-14
165,人口,China,496887,2019-06-15
166,人口,China,500244,2019-06-16
167,人口,China,502409,2019-06-17
168,人口,China,504609,2019-06-18
169,人口,China,507728,2019-06-19
170,人口,China,510631,2019-06-20
171,人口,China,513667,2019-06-21
172,人口,China,517035,2019-06-22
173,人口,China,518785,2019-06-23
174,人口,China,521708,2019-06-24
175,人口,China,525693,2019-06-25
176,人口,China,527454,2019-06-26
177,人口,China,532287,2019-06-27
178,人口,China,535706,2019-06-28
179,人口,China,537826,2019-06-29
180,人口,China,539331,2019-06-30
181,人口,China,541555,2019-07-01
182,人口,China,546312,2019-07-02
183,人口,China,550788,2019-07-03
184,人口,China,552318,2019-07-04
185,人口,China,557030,2019-07-05
186,人口,China,559963,2019-07-06
187,人口,China,561998,2019-07-07
188,人口,China,566123,2019-07-08
189,人口,China,567693,2019-07-09
190,人口,China,570933,2019-07-10
191,人口,China,573829,2019-07-11
192,人口,China,578384,2019-07-12
193,人口,China,581874,2019-07-13
194,人口,China,584099,2019-07-14
195,人口,China,585546,2019-07-15
196,人口,China,590059,2019-07-16
197,人口,China,594712,2019-07-17
198,人口,China,599340,2019-07-18
199,人口,China,602043,2019-07-19
200,人口,China,603642,2019-07-20
201,人口,China,606873,2019-07-21
202,人口,China,608052,2019-07-22
203,人口,China,609479,2019-07-23
204,人口,China,613343,2019-07-24
205,人口,China,617618,2019-07-25
206,人口,China,621717,2019-07-26
207,人口,China,623891,2019-07-27
208,人口,China,626718,2019-07-28
209,人口,China,630227,2019-07-29
210,人口,China,634345,2019-07-30
211,人口,China,637419,2019-07-31
212,人口,China,641018,2019-08-01
213,人口,China,644206,2019-08-02
214,人口,China,646121,2019-08-03
215,人口,China,647557,2019-08-04
216,人口,China,649682,2019-08-05
217,人口,China,652714,2019-08-06
218,人口,China,656881,2019-08-07
219,人口,China,658546,2019-08-08
220,人口,China,661606,2019-08-09
221,人口,China,664992,2019-08-10
222,人口,China,666608,2019-08-11
223,人口,China,669423,2019-08-12
224,人口,China,672673,2019-08-13
225,人口,China,676939,2019-08-14
226,人口,China,679816,2019-08-15
227,人口,China,683440,2019-08-16
228,人口,China,685695,2019-08-17
229,人口,China,688870,2019-08-18
230,人口,China,692178,2019-08-19
231,人口,China,695953,2019-08-20
232,人口,China,698983,2019-08-21
233,人口,China,700465,2019-08-22
234,人口,China,705204,2019-08-23
235,人口,China,707565,2019-08-24
236,人口,China,708927,2019-08-25
237,人口,China,712503,2019-08-26
238,人口,China,715875,2019-08-27
239,人口,China,717208,2019-08-28
240,人口,China,720527,2019-08-29
241,人口,China,722436,2019-08-30
242,人口,China,726668,2019-08-31
243,人口,China,728193,2019-09-01
244,人口,China,729487,2019-09-02
245,人口,China,733066,2019-09-03
246,人口,China,734260,2019-09-04
247,人口,China,738226,2019-09-05
248,人口,China,742258,2019-09-06
249,人口,China,746839,2019-09-07
250,人口,China,748134,2019-09-08
251,人口,China,751888,2019-09-09
252,人口,China,756052,2019-09-10
253,人口,China,760380,2019-09-11
254,人口,China,763141,2019-09-12
255,人口,China,766029,2019-09-13
256,人口,China,770307,2019-09-14
257,人口,China,771399,2019-09-15
258,人口,China,773293,2019-09-16
259,人口,China,774552,2019-09-17
260,人口,China,778840,2019-09-18
261,人口,China,780792,2019-09-19
262,人口,China,781913,2019-09-20
263,人口,China,786707,2019-09-21
264,人口,China,790719,2019-09-22
265,人口,China,794480,2019-09-23
266,人口,China,798582,2019-09-24
267,人口,China,801845,2019-09-25
268,人口,China,805324,2019-09-26
269,人口,China,807118,2019-09-27
270,人口,China,808981,2019-09-28
271,人口,China,812984,2019-09-29
272,人口,China,817894,2019-09-30
273,人口,China,822120,2019-10-01
274,人口,China,824992,2019-10-02
275,人口,China,827598,2019-10-03
276,人口,China,830759,2019-10-04
277,人口,China,832910,2019-10-05
278,人口,China,836902,2019-10-06
279,人口,China,839099,2019-10-07
280,人口,China,842847,2019-10-08
281,人口,China,844747,2019-10-09
282,人口,China,847858,2019-10-10
283,人口,China,849951,2019-10-11
284,人口,China,853265,2019-10-12
285,人口,China,855040,2019-10-13
286,人口,China,858296,2019-10-14
287,人口,China,860817,2019-10-15
288,人口,China,865651,2019-10-16
289,人口,China,867799,2019-10-17
290,人口,China,869947,2019-10-18
291,人口,China,872566,2019-10-19
292,人口,China,875170,2019-10-20
293,人口,China,877254,2019-10-21
294,人口,China,879063,2019-10-22
295,人口,China,880896,2019-10-23
296,人口,China,883694,2019-10-24
297,人口,China,887382,2019-10-25
298,人口,China,889218,2019-10-26
299,人口,China,890377,2019-10-27
300,人口,China,893993,2019-10-28
301,人口,China,898521,2019-10-29
302,人口,China,902924,2019-10-30
303,人口,China,907863,2019-10-31
304,人口,China,909132,2019-11-01
305,人口,China,911071,2019-11-02
306,人口,China,914378,2019-11-03
307,人口,China,917599,2019-11-04
308,人口,China,921031,2019-11-05
309,人口,China,922922,2019-11-06
310,人口,China,927870,2019-11-07
311,人口,China,932778,2019-11-08
312,人口,China,935025,2019-11-09
313,人口,China,937710,2019-11-10
314,人口,China,942268,2019-11-11
315,人口,China,945374,2019-11-12
316,人口,China,946449,2019-11-13
317,人口,China,949976,2019-11-14
318,人口,China,953614,2019-11-15
319,人口,China,957068,2019-11-16
320,人口,China,961283,2019-11-17
321,人口,China,962454,2019-11-18
322,人口,China,966352,2019-11-19
323,人口,China,968201,2019-11-20
324,人口,China,972009,2019-11-21
325,人口,China,976715,2019-11-22
326,人口,China,978478,2019-11-23
327,人口,China,982008,2019-11-24
328,人口,China,986161,2019-11-25
329,人口,China,990199,2019-11-26
330,人口,China,992309,2019-11-27
331,人口,China,996438,2019-11-28
332,人口,China,999404,2019-11-29
333,人口,China,1000594,2019-11-30
334,人口,China,1002336,2019-12-01
335,人口,China,1003995,2019-12-02
336,人口,China,1008312,2019-12-03
337,人口,China,1012173,2019-12-04
338,人口,China,1016638,2019-12-05
339,人口,China,1018067,2019-12-06
340,人口,China,1021710,2019-12-07
341,人口,China,1025765,2019-12-08
342,人口,China,1027798,2019-12-09
343,人口,China,1030910,2019-12-10
344,人口,China,1032072,2019-12-11
345,人口,China,1034275,2019-12-12
346,人口,China,1039007,2019-12-13
347,人口,China,1040881,2019-12-14
348,人口,China,1042035,2019-12-15
349,人口,China,1046094,2019-12-16
350,人口,China,1050753,2019-12-17
351,人口,China,1054402,2019-12-18
352,人口,China,1055965,2019-12-19
353,人口,China,1060823,2019-12-20
354,人口,China,1063996,2019-12-21
355,人口,China,1066894,2019-12-22
356,人口,China,1069174,2019-12-23
357,人口,China,1071261,2019-12-24
358,人口,China,1075605,2019-12-25
359,人口,China,1076735,2019-12-26
360,人口,China,1077803,2019-12-27
361,人口,China,1082151,2019-12-28
362,人口,China,1085984,2019-12-29
363,人口,China,1088465,2019-12-30
364,人口,China,1093048,2019-12-31
365,people,Amarica,10000,2019-01-01
366,people,Amarica,13676,2019-01-02
367,people,Amarica,17941,2019-01-03
368,people,Amarica,21721,2019-01-04
369,people,Amarica,24500,2019-01-05
370,people,Amarica,27054,2019-01-06
371,people,Amarica,29317,2019-01-07
372,people,Amarica,33171,2019-01-08
373,people,Amarica,37357,2019-01-09
374,people,Amarica,39427,2019-01-10
375,people,Amarica,40577,2019-01-11
376,people,Amarica,41667,2019-01-12
377,people,Amarica,43854,2019-01-13
378,people,Amarica,46478,2019-01-14
379,people,Amarica,48598,2019-01-15
380,people,Amarica,52574,2019-01-16
381,people,Amarica,56871,2019-01-17
382,people,Amarica,60520,2019-01-18
383,people,Amarica,63739,2019-01-19
384,people,Amarica,65672,2019-01-20
385,people,Amarica,67745,2019-01-21
386,people,Amarica,71965,2019-01-22
387,people,Amarica,74410,2019-01-23
388,people,Amarica,77788,2019-01-24
389,people,Amarica,82708,2019-01-25
390,people,Amarica,86833,2019-01-26
391,people,Amarica,88414,2019-01-27
392,people,Amarica,90569,2019-01-28
393,people,Amarica,95526,2019-01-29
394,people,Amarica,97812,2019-01-30
395,people,Amarica,99762,2019-01-31
396,people,Amarica,102013,2019-02-01
397,people,Amarica,105265,2019-02-02
398,people,Amarica,109122,2019-02-03
399,people,Amarica,112769,2019-02-04
400,people,Amarica,117438,2019-02-05
401,people,Amarica,121932,2019-02-06
402,people,Amarica,126429,2019-02-07
403,people,Amarica,128259,2019-02-08
404,people,Amarica,129920,2019-02-09
405,people,Amarica,132340,2019-02-10
406,people,Amarica,133974,2019-02-11
407,people,Amarica,137816,2019-02-12
408,people,Amarica,139985,2019-02-13
409,people,Amarica,143361,2019-02-14
410,people,Amarica,148088,2019-02-15
411,people,Amarica,151978,2019-02-16
412,people,Amarica,153821,2019-02-17
413,people,Amarica,157122,2019-02-18
414,people,Amarica,161790,2019-02-19
415,people,Amarica,164280,2019-02-20
416,people,Amarica,168390,2019-02-21
417,people,Amarica,169939,2019-02-22
418,people,Amarica,172333,2019-02-23
419,people,Amarica,174047,2019-02-24
420,people,Amarica,178987,2019-02-25
421,people,Amarica,181362,2019-02-26
422,people,Amarica,182682,2019-02-27
423,people,Amarica,184196,2019-02-28
424,people,Amarica,188135,2019-03-01
425,people,Amarica,191693,2019-03-02
426,people,Amarica,193478,2019-03-03
427,people,Amarica,195307,2019-03-04
428,people,Amarica,199559,2019-03-05
429,people,Amarica,202979,2019-03-06
430,people,Amarica,205225,2019-03-07
431,people,Amarica,207786,2019-03-08
432,people,Amarica,209855,2019-03-09
433,people,Amarica,213225,2019-03-10
434,people,Amarica,216557,2019-03-11
435,people,Amarica,218851,2019-03-12
436,people,Amarica,222549,2019-03-13
437,people,Amarica,226776,2019-03-14
438,people,Amarica,230462,2019-03-15
439,people,Amarica,233607,2019-03-16
440,people,Amarica,235790,2019-03-17
441,people,Amarica,238109,2019-03-18
442,people,Amarica,240832,2019-03-19
443,people,Amarica,242087,2019-03-20
444,people,Amarica,246039,2019-03-21
445,people,Amarica,248304,2019-03-22
446,people,Amarica,252584,2019-03-23
447,people,Amarica,254377,2019-03-24
448,people,Amarica,255515,2019-03-25
449,people,Amarica,256678,2019-03-26
450,people,Amarica,258171,2019-03-27
451,people,Amarica,260759,2019-03-28
452,people,Amarica,264165,2019-03-29
453,people,Amarica,268085,2019-03-30
454,people,Amarica,269480,2019-03-31
455,people,Amarica,271865,2019-04-01
456,people,Amarica,274399,2019-04-02
457,people,Amarica,277201,2019-04-03
458,people,Amarica,281898,2019-04-04
459,people,Amarica,285021,2019-04-05
460,people,Amarica,287079,2019-04-06
461,people,Amarica,290874,2019-04-07
462,people,Amarica,294507,2019-04-08
463,people,Amarica,297037,2019-04-09
464,people,Amarica,299091,2019-04-10
465,people,Amarica,302172,2019-04-11
466,people,Amarica,303682,2019-04-12
467,people,Amarica,308294,2019-04-13
468,people,Amarica,309664,2019-04-14
469,people,Amarica,313747,2019-04-15
470,people,Amarica,315820,2019-04-16
471,people,Amarica,319963,2019-04-17
472,people,Amarica,321258,2019-04-18
473,people,Amarica,325233,2019-04-19
474,people,Amarica,329193,2019-04-20
475,people,Amarica,332044,2019-04-21
476,people,Amarica,335726,2019-04-22
477,people,Amarica,337622,2019-04-23
478,people,Amarica,340089,2019-04-24
479,people,Amarica,342783,2019-04-25
480,people,Amarica,347287,2019-04-26
481,people,Amarica,350814,2019-04-27
482,people,Amarica,352445,2019-04-28
483,people,Amarica,355355,2019-04-29
484,people,Amarica,358083,2019-04-30
485,people,Amarica,363025,2019-05-01
486,people,Amarica,366699,2019-05-02
487,people,Amarica,367888,2019-05-03
488,people,Amarica,370364,2019-05-04
489,people,Amarica,372484,2019-05-05
490,people,Amarica,376327,2019-05-06
491,people,Amarica,379988,2019-05-07
492,people,Amarica,384175,2019-05-08
493,people,Amarica,388805,2019-05-09
494,people,Amarica,391429,2019-05-10
495,people,Amarica,393884,2019-05-11
496,people,Amarica,396920,2019-05-12
497,people,Amarica,398946,2019-05-13
498,people,Amarica,401898,2019-05-14
499,people,Amarica,405826,2019-05-15
500,people,Amarica,409667,2019-05-16
501,people,Amarica,411999,2019-05-17
502,people,Amarica,413813,2019-05-18
503,people,Amarica,416309,2019-05-19
504,people,Amarica,420474,2019-05-20
505,people,Amarica,424877,2019-05-21
506,people,Amarica,428540,2019-05-22
507,people,Amarica,431499,2019-05-23
508,people,Amarica,433653,2019-05-24
509,people,Amarica,438353,2019-05-25
510,people,Amarica,441323,2019-05-26
511,people,Amarica,445107,2019-05-27
512,people,Amarica,449894,2019-05-28
513,people,Amarica,453131,2019-05-29
514,people,Amarica,456216,2019-05-30
515,people,Amarica,460823,2019-05-31
516,people,Amarica,465572,2019-06-01
517,people,Amarica,469969,2019-06-02
518,people,Amarica,473337,2019-06-03
519,people,Amarica,477115,2019-06-04
520,people,Amarica,480937,2019-06-05
521,people,Amarica,483122,2019-06-06
522,people,Amarica,487327,2019-06-07
523,people,Amarica,490959,2019-06-08
524,people,Amarica,493212,2019-06-09
525,people,Amarica,497904,2019-06-10
526,people,Amarica,502228,2019-06-11
527,people,Amarica,505023,2019-06-12
528,people,Amarica,508108,2019-06-13
529,people,Amarica,512616,2019-06-14
530,people,Amarica,514632,2019-06-15
531,people,Amarica,515673,2019-06-16
532,people,Amarica,519608,2019-06-17
533,people,Amarica,522363,2019-06-18
534,people,Amarica,525765,2019-06-19
535,people,Amarica,527127,2019-06-20
536,people,Amarica,529624,2019-06-21
537,people,Amarica,531149,2019-06-22
538,people,Amarica,534216,2019-06-23
539,people,Amarica,535280,2019-06-24
540,people,Amarica,539996,2019-06-25
541,people,Amarica,541890,2019-06-26
542,people,Amarica,543081,2019-06-27
543,people,Amarica,544455,2019-06-28
544,people,Amarica,545460,2019-06-29
545,people,Amarica,548910,2019-06-30
546,people,Amarica,551449,2019-07-01
547,people,Amarica,556002,2019-07-02
548,people,Amarica,557451,2019-07-03
549,people,Amarica,561432,2019-07-04
550,people,Amarica,565538,2019-07-05
551,people,Amarica,568630,2019-07-06
552,people,Amarica,571384,2019-07-07
553,people,Amarica,572640,2019-07-08
554,people,Amarica,575713,2019-07-09
555,people,Amarica,580485,2019-07-10
556,people,Amarica,582616,2019-07-11
557,people,Amarica,587263,2019-07-12
558,people,Amarica,591352,2019-07-13
559,people,Amarica,594347,2019-07-14
560,people,Amarica,598860,2019-07-15
561,people,Amarica,600672,2019-07-16
562,people,Amarica,605534,2019-07-17
563,people,Amarica,610114,2019-07-18
564,people,Amarica,614384,2019-07-19
565,people,Amarica,619010,2019-07-20
566,people,Amarica,622702,2019-07-21
567,people,Amarica,627645,2019-07-22
568,people,Amarica,632121,2019-07-23
569,people,Amarica,636617,2019-07-24
570,people,Amarica,638262,2019-07-25
571,people,Amarica,643224,2019-07-26
572,people,Amarica,645380,2019-07-27
573,people,Amarica,646633,2019-07-28
574,people,Amarica,650061,2019-07-29
575,people,Amarica,652645,2019-07-30
576,people,Amarica,657173,2019-07-31
577,people,Amarica,661279,2019-08-01
578,people,Amarica,663847,2019-08-02
579,people,Amarica,668209,2019-08-03
580,people,Amarica,670271,2019-08-04
581,people,Amarica,672477,2019-08-05
582,people,Amarica,677277,2019-08-06
583,people,Amarica,678324,2019-08-07
584,people,Amarica,679707,2019-08-08
585,people,Amarica,681473,2019-08-09
586,people,Amarica,686292,2019-08-10
587,people,Amarica,687629,2019-08-11
588,people,Amarica,692177,2019-08-12
589,people,Amarica,693983,2019-08-13
590,people,Amarica,697208,2019-08-14
591,people,Amarica,698559,2019-08-15
592,people,Amarica,702214,2019-08-16
593,people,Amarica,704449,2019-08-17
594,people,Amarica,708773,2019-08-18
595,people,Amarica,710192,2019-08-19
596,people,Amarica,714587,2019-08-20
597,people,Amarica,716815,2019-08-21
598,people,Amarica,718804,2019-08-22
599,people,Amarica,722448,2019-08-23
600,people,Amarica,724833,2019-08-24
601,people,Amarica,726709,2019-08-25
602,people,Amarica,728208,2019-08-26
603,people,Amarica,732859,2019-08-27
604,people,Amarica,734319,2019-08-28
605,people,Amarica,736426,2019-08-29
606,people,Amarica,738828,2019-08-30
607,people,Amarica,741936,2019-08-31
608,people,Amarica,745865,2019-09-01
609,people,Amarica,750253,2019-09-02
610,people,Amarica,754967,2019-09-03
611,people,Amarica,756929,2019-09-04
612,people,Amarica,761179,2019-09-05
613,people,Amarica,764937,2019-09-06
614,people,Amarica,766009,2019-09-07
615,people,Amarica,770336,2019-09-08
616,people,Amarica,774336,2019-09-09
617,people,Amarica,776649,2019-09-10
618,people,Amarica,778682,2019-09-11
619,people,Amarica,781636,2019-09-12
620,people,Amarica,784937,2019-09-13
621,people,Amarica,787277,2019-09-14
622,people,Amarica,790315,2019-09-15
623,people,Amarica,794714,2019-09-16
624,people,Amarica,797332,2019-09-17
625,people,Amarica,800578,2019-09-18
626,people,Amarica,802524,2019-09-19
627,people,Amarica,805907,2019-09-20
628,people,Amarica,807997,2019-09-21
629,people,Amarica,812158,2019-09-22
630,people,Amarica,816527,2019-09-23
631,people,Amarica,821092,2019-09-24
632,people,Amarica,824919,2019-09-25
633,people,Amarica,829595,2019-09-26
634,people,Amarica,832633,2019-09-27
635,people,Amarica,836832,2019-09-28
636,people,Amarica,841025,2019-09-29
637,people,Amarica,843408,2019-09-30
638,people,Amarica,848258,2019-10-01
639,people,Amarica,851105,2019-10-02
640,people,Amarica,852422,2019-10-03
641,people,Amarica,855292,2019-10-04
642,people,Amarica,856422,2019-10-05
643,people,Amarica,858939,2019-10-06
644,people,Amarica,862181,2019-10-07
645,people,Amarica,864397,2019-10-08
646,people,Amarica,867743,2019-10-09
647,people,Amarica,869914,2019-10-10
648,people,Amarica,874423,2019-10-11
649,people,Amarica,876379,2019-10-12
650,people,Amarica,879874,2019-10-13
651,people,Amarica,882000,2019-10-14
652,people,Amarica,883726,2019-10-15
653,people,Amarica,886070,2019-10-16
654,people,Amarica,889305,2019-10-17
655,people,Amarica,892915,2019-10-18
656,people,Amarica,894541,2019-10-19
657,people,Amarica,896105,2019-10-20
658,people,Amarica,898492,2019-10-21
659,people,Amarica,902930,2019-10-22
660,people,Amarica,906917,2019-10-23
661,people,Amarica,911462,2019-10-24
662,people,Amarica,914586,2019-10-25
663,people,Amarica,918651,2019-10-26
664,people,Amarica,922914,2019-10-27
665,people,Amarica,924302,2019-10-28
666,people,Amarica,928557,2019-10-29
667,people,Amarica,929738,2019-10-30
668,people,Amarica,934119,2019-10-31
669,people,Amarica,937816,2019-11-01
670,people,Amarica,941108,2019-11-02
671,people,Amarica,946034,2019-11-03
672,people,Amarica,949641,2019-11-04
673,people,Amarica,954177,2019-11-05
674,people,Amarica,957447,2019-11-06
675,people,Amarica,960229,2019-11-07
676,people,Amarica,964605,2019-11-08
677,people,Amarica,967459,2019-11-09
678,people,Amarica,968473,2019-11-10
679,people,Amarica,972519,2019-11-11
680,people,Amarica,975413,2019-11-12
681,people,Amarica,979577,2019-11-13
682,people,Amarica,983957,2019-11-14
683,people,Amarica,988454,2019-11-15
684,people,Amarica,989944,2019-11-16
685,people,Amarica,991604,2019-11-17
686,people,Amarica,994660,2019-11-18
687,people,Amarica,997328,2019-11-19
688,people,Amarica,1001118,2019-11-20
689,people,Amarica,1004005,2019-11-21
690,people,Amarica,1005223,2019-11-22
691,people,Amarica,1009738,2019-11-23
692,people,Amarica,1011925,2019-11-24
693,people,Amarica,1013603,2019-11-25
694,people,Amarica,1015106,2019-11-26
695,people,Amarica,1019946,2019-11-27
696,people,Amarica,1022489,2019-11-28
697,people,Amarica,1023491,2019-11-29
698,people,Amarica,1026820,2019-11-30
699,people,Amarica,1031749,2019-12-01
700,people,Amarica,1033097,2019-12-02
701,people,Amarica,1035531,2019-12-03
702,people,Amarica,1038819,2019-12-04
703,people,Amarica,1040007,2019-12-05
704,people,Amarica,1044360,2019-12-06
705,people,Amarica,1049092,2019-12-07
706,people,Amarica,1053442,2019-12-08
707,people,Amarica,1058105,2019-12-09
708,people,Amarica,1061713,2019-12-10
709,people,Amarica,1064541,2019-12-11
710,people,Amarica,1066349,2019-12-12
711,people,Amarica,1067357,2019-12-13
712,people,Amarica,1068523,2019-12-14
713,people,Amarica,1072837,2019-12-15
714,people,Amarica,1077003,2019-12-16
715,people,Amarica,1080647,2019-12-17
716,people,Amarica,1083385,2019-12-18
717,people,Amarica,1084407,2019-12-19
718,people,Amarica,1088471,2019-12-20
719,people,Amarica,1091862,2019-12-21
720,people,Amarica,1093394,2019-12-22
721,people,Amarica,1096337,2019-12-23
722,people,Amarica,1100114,2019-12-24
723,people,Amarica,1101396,2019-12-25
724,people,Amarica,1105834,2019-12-26
725,people,Amarica,1108578,2019-12-27
726,people,Amarica,1112220,2019-12-28
727,people,Amarica,1117169,2019-12-29
728,people,Amarica,1120086,2019-12-30
729,people,Amarica,1122603,2019-12-31
730,num2,Russia,10000,2019-01-01
731,num2,Russia,13392,2019-01-02
732,num2,Russia,14838,2019-01-03
733,num2,Russia,17436,2019-01-04
734,num2,Russia,18694,2019-01-05
735,num2,Russia,20354,2019-01-06
736,num2,Russia,24211,2019-01-07
737,num2,Russia,28359,2019-01-08
738,num2,Russia,31207,2019-01-09
739,num2,Russia,35549,2019-01-10
740,num2,Russia,39278,2019-01-11
741,num2,Russia,40465,2019-01-12
742,num2,Russia,43259,2019-01-13
743,num2,Russia,46926,2019-01-14
744,num2,Russia,48818,2019-01-15
745,num2,Russia,50851,2019-01-16
746,num2,Russia,55621,2019-01-17
747,num2,Russia,58093,2019-01-18
748,num2,Russia,61073,2019-01-19
749,num2,Russia,62905,2019-01-20
750,num2,Russia,67073,2019-01-21
751,num2,Russia,72043,2019-01-22
752,num2,Russia,76566,2019-01-23
753,num2,Russia,78179,2019-01-24
754,num2,Russia,80267,2019-01-25
755,num2,Russia,82227,2019-01-26
756,num2,Russia,87075,2019-01-27
757,num2,Russia,90816,2019-01-28
758,num2,Russia,94929,2019-01-29
759,num2,Russia,96541,2019-01-30
760,num2,Russia,100934,2019-01-31
761,num2,Russia,104558,2019-02-01
762,num2,Russia,109316,2019-02-02
763,num2,Russia,112719,2019-02-03
764,num2,Russia,117225,2019-02-04
765,num2,Russia,118684,2019-02-05
766,num2,Russia,120821,2019-02-06
767,num2,Russia,121986,2019-02-07
768,num2,Russia,125558,2019-02-08
769,num2,Russia,130089,2019-02-09
770,num2,Russia,132372,2019-02-10
771,num2,Russia,136247,2019-02-11
772,num2,Russia,140082,2019-02-12
773,num2,Russia,141278,2019-02-13
774,num2,Russia,145174,2019-02-14
775,num2,Russia,146179,2019-02-15
776,num2,Russia,149383,2019-02-16
777,num2,Russia,152755,2019-02-17
778,num2,Russia,157087,2019-02-18
779,num2,Russia,160945,2019-02-19
780,num2,Russia,163481,2019-02-20
781,num2,Russia,164744,2019-02-21
782,num2,Russia,166183,2019-02-22
783,num2,Russia,170288,2019-02-23
784,num2,Russia,173410,2019-02-24
785,num2,Russia,175977,2019-02-25
786,num2,Russia,178288,2019-02-26
787,num2,Russia,179526,2019-02-27
788,num2,Russia,181814,2019-02-28
789,num2,Russia,185427,2019-03-01
790,num2,Russia,190170,2019-03-02
791,num2,Russia,193083,2019-03-03
792,num2,Russia,194160,2019-03-04
793,num2,Russia,197936,2019-03-05
794,num2,Russia,202840,2019-03-06
795,num2,Russia,207358,2019-03-07
796,num2,Russia,209151,2019-03-08
797,num2,Russia,212072,2019-03-09
798,num2,Russia,216556,2019-03-10
799,num2,Russia,219381,2019-03-11
800,num2,Russia,220816,2019-03-12
801,num2,Russia,224221,2019-03-13
802,num2,Russia,226526,2019-03-14
803,num2,Russia,227949,2019-03-15
804,num2,Russia,229405,2019-03-16
805,num2,Russia,231904,2019-03-17
806,num2,Russia,236822,2019-03-18
807,num2,Russia,240964,2019-03-19
808,num2,Russia,243344,2019-03-20
809,num2,Russia,244428,2019-03-21
810,num2,Russia,245872,2019-03-22
811,num2,Russia,250145,2019-03-23
812,num2,Russia,254874,2019-03-24
813,num2,Russia,258328,2019-03-25
814,num2,Russia,262642,2019-03-26
815,num2,Russia,263829,2019-03-27
816,num2,Russia,267730,2019-03-28
817,num2,Russia,270450,2019-03-29
818,num2,Russia,272797,2019-03-30
819,num2,Russia,277638,2019-03-31
820,num2,Russia,281405,2019-04-01
821,num2,Russia,285026,2019-04-02
822,num2,Russia,288230,2019-04-03
823,num2,Russia,291416,2019-04-04
824,num2,Russia,294498,2019-04-05
825,num2,Russia,297256,2019-04-06
826,num2,Russia,299981,2019-04-07
827,num2,Russia,302993,2019-04-08
828,num2,Russia,304438,2019-04-09
829,num2,Russia,307341,2019-04-10
830,num2,Russia,311270,2019-04-11
831,num2,Russia,313449,2019-04-12
832,num2,Russia,315598,2019-04-13
833,num2,Russia,317137,2019-04-14
834,num2,Russia,320215,2019-04-15
835,num2,Russia,323613,2019-04-16
836,num2,Russia,325419,2019-04-17
837,num2,Russia,327537,2019-04-18
838,num2,Russia,330161,2019-04-19
839,num2,Russia,333791,2019-04-20
840,num2,Russia,336976,2019-04-21
841,num2,Russia,341670,2019-04-22
842,num2,Russia,346642,2019-04-23
843,num2,Russia,349240,2019-04-24
844,num2,Russia,350509,2019-04-25
845,num2,Russia,352453,2019-04-26
846,num2,Russia,356824,2019-04-27
847,num2,Russia,357922,2019-04-28
848,num2,Russia,361522,2019-04-29
849,num2,Russia,364809,2019-04-30
850,num2,Russia,366440,2019-05-01
851,num2,Russia,371109,2019-05-02
852,num2,Russia,373720,2019-05-03
853,num2,Russia,375899,2019-05-04
854,num2,Russia,378787,2019-05-05
855,num2,Russia,382937,2019-05-06
856,num2,Russia,387644,2019-05-07
857,num2,Russia,389762,2019-05-08
858,num2,Russia,392297,2019-05-09
859,num2,Russia,396161,2019-05-10
860,num2,Russia,398108,2019-05-11
861,num2,Russia,399782,2019-05-12
862,num2,Russia,401420,2019-05-13
863,num2,Russia,404743,2019-05-14
864,num2,Russia,406683,2019-05-15
865,num2,Russia,410726,2019-05-16
866,num2,Russia,415418,2019-05-17
867,num2,Russia,418217,2019-05-18
868,num2,Russia,419774,2019-05-19
869,num2,Russia,422666,2019-05-20
870,num2,Russia,426704,2019-05-21
871,num2,Russia,431308,2019-05-22
872,num2,Russia,434932,2019-05-23
873,num2,Russia,439316,2019-05-24
874,num2,Russia,441139,2019-05-25
875,num2,Russia,444164,2019-05-26
876,num2,Russia,446868,2019-05-27
877,num2,Russia,448566,2019-05-28
878,num2,Russia,451670,2019-05-29
879,num2,Russia,453503,2019-05-30
880,num2,Russia,457053,2019-05-31
881,num2,Russia,461275,2019-06-01
882,num2,Russia,464733,2019-06-02
883,num2,Russia,466435,2019-06-03
884,num2,Russia,471161,2019-06-04
885,num2,Russia,472250,2019-06-05
886,num2,Russia,473642,2019-06-06
887,num2,Russia,477613,2019-06-07
888,num2,Russia,479918,2019-06-08
889,num2,Russia,481103,2019-06-09
890,num2,Russia,482840,2019-06-10
891,num2,Russia,487404,2019-06-11
892,num2,Russia,488924,2019-06-12
893,num2,Russia,492093,2019-06-13
894,num2,Russia,496589,2019-06-14
895,num2,Russia,499566,2019-06-15
896,num2,Russia,501628,2019-06-16
897,num2,Russia,503775,2019-06-17
898,num2,Russia,505001,2019-06-18
899,num2,Russia,508284,2019-06-19
900,num2,Russia,511194,2019-06-20
901,num2,Russia,512669,2019-06-21
902,num2,Russia,517075,2019-06-22
903,num2,Russia,520742,2019-06-23
904,num2,Russia,523375,2019-06-24
905,num2,Russia,525459,2019-06-25
906,num2,Russia,529077,2019-06-26
907,num2,Russia,532069,2019-06-27
908,num2,Russia,533702,2019-06-28
909,num2,Russia,535360,2019-06-29
910,num2,Russia,538599,2019-06-30
911,num2,Russia,541998,2019-07-01
912,num2,Russia,544691,2019-07-02
913,num2,Russia,547949,2019-07-03
914,num2,Russia,550315,2019-07-04
915,num2,Russia,552820,2019-07-05
916,num2,Russia,553987,2019-07-06
917,num2,Russia,555581,2019-07-07
918,num2,Russia,556796,2019-07-08
919,num2,Russia,561064,2019-07-09
920,num2,Russia,564113,2019-07-10
921,num2,Russia,566927,2019-07-11
922,num2,Russia,570724,2019-07-12
923,num2,Russia,573033,2019-07-13
924,num2,Russia,577226,2019-07-14
925,num2,Russia,578257,2019-07-15
926,num2,Russia,582242,2019-07-16
927,num2,Russia,584376,2019-07-17
928,num2,Russia,586644,2019-07-18
929,num2,Russia,589695,2019-07-19
930,num2,Russia,591930,2019-07-20
931,num2,Russia,594427,2019-07-21
932,num2,Russia,597937,2019-07-22
933,num2,Russia,599639,2019-07-23
934,num2,Russia,603957,2019-07-24
935,num2,Russia,608126,2019-07-25
936,num2,Russia,612841,2019-07-26
937,num2,Russia,617197,2019-07-27
938,num2,Russia,620380,2019-07-28
939,num2,Russia,622592,2019-07-29
940,num2,Russia,627114,2019-07-30
941,num2,Russia,630089,2019-07-31
942,num2,Russia,634232,2019-08-01
943,num2,Russia,638774,2019-08-02
944,num2,Russia,642645,2019-08-03
945,num2,Russia,646846,2019-08-04
946,num2,Russia,650056,2019-08-05
947,num2,Russia,651635,2019-08-06
948,num2,Russia,654585,2019-08-07
949,num2,Russia,659342,2019-08-08
950,num2,Russia,661943,2019-08-09
951,num2,Russia,664874,2019-08-10
952,num2,Russia,666043,2019-08-11
953,num2,Russia,667693,2019-08-12
954,num2,Russia,669515,2019-08-13
955,num2,Russia,674262,2019-08-14
956,num2,Russia,675723,2019-08-15
957,num2,Russia,680440,2019-08-16
958,num2,Russia,682858,2019-08-17
959,num2,Russia,684992,2019-08-18
960,num2,Russia,687767,2019-08-19
961,num2,Russia,691760,2019-08-20
962,num2,Russia,695214,2019-08-21
963,num2,Russia,696466,2019-08-22
964,num2,Russia,700634,2019-08-23
965,num2,Russia,705359,2019-08-24
966,num2,Russia,710122,2019-08-25
967,num2,Russia,713949,2019-08-26
968,num2,Russia,715467,2019-08-27
969,num2,Russia,717066,2019-08-28
970,num2,Russia,720423,2019-08-29
971,num2,Russia,722052,2019-08-30
972,num2,Russia,724426,2019-08-31
973,num2,Russia,728201,2019-09-01
974,num2,Russia,730969,2019-09-02
975,num2,Russia,734047,2019-09-03
976,num2,Russia,736430,2019-09-04
977,num2,Russia,738964,2019-09-05
978,num2,Russia,742643,2019-09-06
979,num2,Russia,746097,2019-09-07
980,num2,Russia,748849,2019-09-08
981,num2,Russia,753075,2019-09-09
982,num2,Russia,757201,2019-09-10
983,num2,Russia,759523,2019-09-11
984,num2,Russia,763704,2019-09-12
985,num2,Russia,767907,2019-09-13
986,num2,Russia,771031,2019-09-14
987,num2,Russia,776021,2019-09-15
988,num2,Russia,780838,2019-09-16
989,num2,Russia,784253,2019-09-17
990,num2,Russia,787369,2019-09-18
991,num2,Russia,788780,2019-09-19
992,num2,Russia,790814,2019-09-20
993,num2,Russia,795664,2019-09-21
994,num2,Russia,799774,2019-09-22
995,num2,Russia,804760,2019-09-23
996,num2,Russia,806290,2019-09-24
997,num2,Russia,808465,2019-09-25
998,num2,Russia,812169,2019-09-26
999,num2,Russia,813447,2019-09-27
1000,num2,Russia,814554,2019-09-28
1001,num2,Russia,816708,2019-09-29
1002,num2,Russia,821432,2019-09-30
1003,num2,Russia,825326,2019-10-01
1004,num2,Russia,827014,2019-10-02
1005,num2,Russia,829831,2019-10-03
1006,num2,Russia,831861,2019-10-04
1007,num2,Russia,833043,2019-10-05
1008,num2,Russia,835868,2019-10-06
1009,num2,Russia,838813,2019-10-07
1010,num2,Russia,840935,2019-10-08
1011,num2,Russia,843427,2019-10-09
1012,num2,Russia,846321,2019-10-10
1013,num2,Russia,848981,2019-10-11
1014,num2,Russia,850376,2019-10-12
1015,num2,Russia,851441,2019-10-13
1016,num2,Russia,854047,2019-10-14
1017,num2,Russia,858825,2019-10-15
1018,num2,Russia,860754,2019-10-16
1019,num2,Russia,864052,2019-10-17
1020,num2,Russia,866570,2019-10-18
1021,num2,Russia,868604,2019-10-19
1022,num2,Russia,870689,2019-10-20
1023,num2,Russia,873078,2019-10-21
1024,num2,Russia,877041,2019-10-22
1025,num2,Russia,879718,2019-10-23
1026,num2,Russia,884354,2019-10-24
1027,num2,Russia,887671,2019-10-25
1028,num2,Russia,889456,2019-10-26
1029,num2,Russia,894161,2019-10-27
1030,num2,Russia,897159,2019-10-28
1031,num2,Russia,901398,2019-10-29
1032,num2,Russia,903566,2019-10-30
1033,num2,Russia,907919,2019-10-31
1034,num2,Russia,909565,2019-11-01
1035,num2,Russia,912952,2019-11-02
1036,num2,Russia,916832,2019-11-03
1037,num2,Russia,919093,2019-11-04
1038,num2,Russia,922762,2019-11-05
1039,num2,Russia,927576,2019-11-06
1040,num2,Russia,932519,2019-11-07
1041,num2,Russia,934263,2019-11-08
1042,num2,Russia,936676,2019-11-09
1043,num2,Russia,938124,2019-11-10
1044,num2,Russia,940081,2019-11-11
1045,num2,Russia,944363,2019-11-12
1046,num2,Russia,948840,2019-11-13
1047,num2,Russia,953206,2019-11-14
1048,num2,Russia,955433,2019-11-15
1049,num2,Russia,957070,2019-11-16
1050,num2,Russia,961211,2019-11-17
1051,num2,Russia,962312,2019-11-18
1052,num2,Russia,965764,2019-11-19
1053,num2,Russia,966803,2019-11-20
1054,num2,Russia,971437,2019-11-21
1055,num2,Russia,974947,2019-11-22
1056,num2,Russia,978784,2019-11-23
1057,num2,Russia,980927,2019-11-24
1058,num2,Russia,982015,2019-11-25
1059,num2,Russia,986888,2019-11-26
1060,num2,Russia,990653,2019-11-27
1061,num2,Russia,993581,2019-11-28
1062,num2,Russia,998110,2019-11-29
1063,num2,Russia,1000221,2019-11-30
1064,num2,Russia,1004420,2019-12-01
1065,num2,Russia,1006493,2019-12-02
1066,num2,Russia,1010211,2019-12-03
1067,num2,Russia,1011370,2019-12-04
1068,num2,Russia,1015711,2019-12-05
1069,num2,Russia,1019492,2019-12-06
1070,num2,Russia,1022336,2019-12-07
1071,num2,Russia,1027255,2019-12-08
1072,num2,Russia,1030073,2019-12-09
1073,num2,Russia,1031123,2019-12-10
1074,num2,Russia,1032797,2019-12-11
1075,num2,Russia,1034921,2019-12-12
1076,num2,Russia,1038931,2019-12-13
1077,num2,Russia,1041963,2019-12-14
1078,num2,Russia,1044693,2019-12-15
1079,num2,Russia,1047186,2019-12-16
1080,num2,Russia,1049162,2019-12-17
1081,num2,Russia,1053546,2019-12-18
1082,num2,Russia,1056188,2019-12-19
1083,num2,Russia,1059693,2019-12-20
1084,num2,Russia,1062091,2019-12-21
1085,num2,Russia,1065529,2019-12-22
1086,num2,Russia,1068560,2019-12-23
1087,num2,Russia,1071965,2019-12-24
1088,num2,Russia,1073825,2019-12-25
1089,num2,Russia,1075643,2019-12-26
1090,num2,Russia,1077552,2019-12-27
1091,num2,Russia,1079690,2019-12-28
1092,num2,Russia,1082805,2019-12-29
1093,num2,Russia,1084290,2019-12-30
1094,num2,Russia,1086690,2019-12-31
1095,goods,Japan,10000,2019-01-01
1096,goods,Japan,11327,2019-01-02
1097,goods,Japan,13581,2019-01-03
1098,goods,Japan,17359,2019-01-04
1099,goods,Japan,20492,2019-01-05
1100,goods,Japan,24495,2019-01-06
1101,goods,Japan,29027,2019-01-07
1102,goods,Japan,32201,2019-01-08
1103,goods,Japan,34994,2019-01-09
1104,goods,Japan,37958,2019-01-10
1105,goods,Japan,42338,2019-01-11
1106,goods,Japan,47072,2019-01-12
1107,goods,Japan,51265,2019-01-13
1108,goods,Japan,52741,2019-01-14
1109,goods,Japan,57628,2019-01-15
1110,goods,Japan,59866,2019-01-16
1111,goods,Japan,64093,2019-01-17
1112,goods,Japan,66725,2019-01-18
1113,goods,Japan,68033,2019-01-19
1114,goods,Japan,69185,2019-01-20
1115,goods,Japan,71791,2019-01-21
1116,goods,Japan,72857,2019-01-22
1117,goods,Japan,74595,2019-01-23
1118,goods,Japan,78122,2019-01-24
1119,goods,Japan,83041,2019-01-25
1120,goods,Japan,84396,2019-01-26
1121,goods,Japan,86694,2019-01-27
1122,goods,Japan,90920,2019-01-28
1123,goods,Japan,95137,2019-01-29
1124,goods,Japan,99377,2019-01-30
1125,goods,Japan,101278,2019-01-31
1126,goods,Japan,105584,2019-02-01
1127,goods,Japan,108265,2019-02-02
1128,goods,Japan,109276,2019-02-03
1129,goods,Japan,112894,2019-02-04
1130,goods,Japan,115410,2019-02-05
1131,goods,Japan,119383,2019-02-06
1132,goods,Japan,121103,2019-02-07
1133,goods,Japan,123335,2019-02-08
1134,goods,Japan,127935,2019-02-09
1135,goods,Japan,129619,2019-02-10
1136,goods,Japan,131780,2019-02-11
1137,goods,Japan,133020,2019-02-12
1138,goods,Japan,137731,2019-02-13
1139,goods,Japan,141148,2019-02-14
1140,goods,Japan,144658,2019-02-15
1141,goods,Japan,147428,2019-02-16
1142,goods,Japan,150498,2019-02-17
1143,goods,Japan,154755,2019-02-18
1144,goods,Japan,158481,2019-02-19
1145,goods,Japan,159734,2019-02-20
1146,goods,Japan,161990,2019-02-21
1147,goods,Japan,166370,2019-02-22
1148,goods,Japan,170732,2019-02-23
1149,goods,Japan,175669,2019-02-24
1150,goods,Japan,178232,2019-02-25
1151,goods,Japan,181862,2019-02-26
1152,goods,Japan,185714,2019-02-27
1153,goods,Japan,187493,2019-02-28
1154,goods,Japan,191960,2019-03-01
1155,goods,Japan,194137,2019-03-02
1156,goods,Japan,197446,2019-03-03
1157,goods,Japan,200954,2019-03-04
1158,goods,Japan,204338,2019-03-05
1159,goods,Japan,206911,2019-03-06
1160,goods,Japan,210803,2019-03-07
1161,goods,Japan,213473,2019-03-08
1162,goods,Japan,215802,2019-03-09
1163,goods,Japan,217166,2019-03-10
1164,goods,Japan,219736,2019-03-11
1165,goods,Japan,220743,2019-03-12
1166,goods,Japan,224786,2019-03-13
1167,goods,Japan,227870,2019-03-14
1168,goods,Japan,232062,2019-03-15
1169,goods,Japan,234046,2019-03-16
1170,goods,Japan,238171,2019-03-17
1171,goods,Japan,239942,2019-03-18
1172,goods,Japan,241025,2019-03-19
1173,goods,Japan,242986,2019-03-20
1174,goods,Japan,246365,2019-03-21
1175,goods,Japan,250175,2019-03-22
1176,goods,Japan,253424,2019-03-23
1177,goods,Japan,254533,2019-03-24
1178,goods,Japan,258072,2019-03-25
1179,goods,Japan,260330,2019-03-26
1180,goods,Japan,265012,2019-03-27
1181,goods,Japan,267750,2019-03-28
1182,goods,Japan,271190,2019-03-29
1183,goods,Japan,273730,2019-03-30
1184,goods,Japan,275752,2019-03-31
1185,goods,Japan,277459,2019-04-01
1186,goods,Japan,280068,2019-04-02
1187,goods,Japan,284378,2019-04-03
1188,goods,Japan,285520,2019-04-04
1189,goods,Japan,286772,2019-04-05
1190,goods,Japan,291027,2019-04-06
1191,goods,Japan,294881,2019-04-07
1192,goods,Japan,299363,2019-04-08
1193,goods,Japan,300686,2019-04-09
1194,goods,Japan,304411,2019-04-10
1195,goods,Japan,306310,2019-04-11
1196,goods,Japan,307895,2019-04-12
1197,goods,Japan,310909,2019-04-13
1198,goods,Japan,314080,2019-04-14
1199,goods,Japan,317637,2019-04-15
1200,goods,Japan,319231,2019-04-16
1201,goods,Japan,322871,2019-04-17
1202,goods,Japan,327806,2019-04-18
1203,goods,Japan,330557,2019-04-19
1204,goods,Japan,332918,2019-04-20
1205,goods,Japan,335236,2019-04-21
1206,goods,Japan,336948,2019-04-22
1207,goods,Japan,338180,2019-04-23
1208,goods,Japan,339858,2019-04-24
1209,goods,Japan,341305,2019-04-25
1210,goods,Japan,343284,2019-04-26
1211,goods,Japan,347893,2019-04-27
1212,goods,Japan,349570,2019-04-28
1213,goods,Japan,351786,2019-04-29
1214,goods,Japan,356469,2019-04-30
1215,goods,Japan,360328,2019-05-01
1216,goods,Japan,361725,2019-05-02
1217,goods,Japan,365650,2019-05-03
1218,goods,Japan,368181,2019-05-04
1219,goods,Japan,371948,2019-05-05
1220,goods,Japan,374686,2019-05-06
1221,goods,Japan,377710,2019-05-07
1222,goods,Japan,380184,2019-05-08
1223,goods,Japan,382424,2019-05-09
1224,goods,Japan,385101,2019-05-10
1225,goods,Japan,386682,2019-05-11
1226,goods,Japan,389482,2019-05-12
1227,goods,Japan,393438,2019-05-13
1228,goods,Japan,395821,2019-05-14
1229,goods,Japan,399206,2019-05-15
1230,goods,Japan,401036,2019-05-16
1231,goods,Japan,403411,2019-05-17
1232,goods,Japan,407395,2019-05-18
1233,goods,Japan,410183,2019-05-19
1234,goods,Japan,413740,2019-05-20
1235,goods,Japan,414844,2019-05-21
1236,goods,Japan,418978,2019-05-22
1237,goods,Japan,422924,2019-05-23
1238,goods,Japan,427040,2019-05-24
1239,goods,Japan,431092,2019-05-25
1240,goods,Japan,435362,2019-05-26
1241,goods,Japan,437806,2019-05-27
1242,goods,Japan,441106,2019-05-28
1243,goods,Japan,443882,2019-05-29
1244,goods,Japan,445653,2019-05-30
1245,goods,Japan,447280,2019-05-31
1246,goods,Japan,450473,2019-06-01
1247,goods,Japan,452131,2019-06-02
1248,goods,Japan,454252,2019-06-03
1249,goods,Japan,457071,2019-06-04
1250,goods,Japan,458732,2019-06-05
1251,goods,Japan,460001,2019-06-06
1252,goods,Japan,464018,2019-06-07
1253,goods,Japan,468003,2019-06-08
1254,goods,Japan,469293,2019-06-09
1255,goods,Japan,472123,2019-06-10
1256,goods,Japan,473884,2019-06-11
1257,goods,Japan,476553,2019-06-12
1258,goods,Japan,479343,2019-06-13
1259,goods,Japan,483084,2019-06-14
1260,goods,Japan,486150,2019-06-15
1261,goods,Japan,490157,2019-06-16
1262,goods,Japan,494537,2019-06-17
1263,goods,Japan,499489,2019-06-18
1264,goods,Japan,504125,2019-06-19
1265,goods,Japan,505125,2019-06-20
1266,goods,Japan,509938,2019-06-21
1267,goods,Japan,514525,2019-06-22
1268,goods,Japan,517576,2019-06-23
1269,goods,Japan,521688,2019-06-24
1270,goods,Japan,526605,2019-06-25
1271,goods,Japan,529604,2019-06-26
1272,goods,Japan,533492,2019-06-27
1273,goods,Japan,534907,2019-06-28
1274,goods,Japan,538988,2019-06-29
1275,goods,Japan,541892,2019-06-30
1276,goods,Japan,545255,2019-07-01
1277,goods,Japan,547868,2019-07-02
1278,goods,Japan,549963,2019-07-03
1279,goods,Japan,552564,2019-07-04
1280,goods,Japan,554809,2019-07-05
1281,goods,Japan,559057,2019-07-06
1282,goods,Japan,563673,2019-07-07
1283,goods,Japan,565618,2019-07-08
1284,goods,Japan,566666,2019-07-09
1285,goods,Japan,570396,2019-07-10
1286,goods,Japan,572846,2019-07-11
1287,goods,Japan,576937,2019-07-12
1288,goods,Japan,578527,2019-07-13
1289,goods,Japan,579552,2019-07-14
1290,goods,Japan,583975,2019-07-15
1291,goods,Japan,587823,2019-07-16
1292,goods,Japan,592029,2019-07-17
1293,goods,Japan,594455,2019-07-18
1294,goods,Japan,595674,2019-07-19
1295,goods,Japan,600413,2019-07-20
1296,goods,Japan,605355,2019-07-21
1297,goods,Japan,606367,2019-07-22
1298,goods,Japan,610989,2019-07-23
1299,goods,Japan,612472,2019-07-24
1300,goods,Japan,615944,2019-07-25
1301,goods,Japan,620078,2019-07-26
1302,goods,Japan,623004,2019-07-27
1303,goods,Japan,624155,2019-07-28
1304,goods,Japan,626455,2019-07-29
1305,goods,Japan,631353,2019-07-30
1306,goods,Japan,635793,2019-07-31
1307,goods,Japan,639960,2019-08-01
1308,goods,Japan,643785,2019-08-02
1309,goods,Japan,648204,2019-08-03
1310,goods,Japan,651974,2019-08-04
1311,goods,Japan,656181,2019-08-05
1312,goods,Japan,660902,2019-08-06
1313,goods,Japan,664921,2019-08-07
1314,goods,Japan,667034,2019-08-08
1315,goods,Japan,669252,2019-08-09
1316,goods,Japan,671649,2019-08-10
1317,goods,Japan,672820,2019-08-11
1318,goods,Japan,676937,2019-08-12
1319,goods,Japan,681507,2019-08-13
1320,goods,Japan,683588,2019-08-14
1321,goods,Japan,687164,2019-08-15
1322,goods,Japan,689923,2019-08-16
1323,goods,Japan,691951,2019-08-17
1324,goods,Japan,694663,2019-08-18
1325,goods,Japan,697883,2019-08-19
1326,goods,Japan,699685,2019-08-20
1327,goods,Japan,703259,2019-08-21
1328,goods,Japan,705665,2019-08-22
1329,goods,Japan,708038,2019-08-23
1330,goods,Japan,712367,2019-08-24
1331,goods,Japan,716710,2019-08-25
1332,goods,Japan,718968,2019-08-26
1333,goods,Japan,720894,2019-08-27
1334,goods,Japan,723131,2019-08-28
1335,goods,Japan,726325,2019-08-29
1336,goods,Japan,731275,2019-08-30
1337,goods,Japan,733432,2019-08-31
1338,goods,Japan,738034,2019-09-01
1339,goods,Japan,742905,2019-09-02
1340,goods,Japan,746689,2019-09-03
1341,goods,Japan,747760,2019-09-04
1342,goods,Japan,751707,2019-09-05
1343,goods,Japan,754497,2019-09-06
1344,goods,Japan,757447,2019-09-07
1345,goods,Japan,761535,2019-09-08
1346,goods,Japan,763406,2019-09-09
1347,goods,Japan,767863,2019-09-10
1348,goods,Japan,771266,2019-09-11
1349,goods,Japan,775425,2019-09-12
1350,goods,Japan,777092,2019-09-13
1351,goods,Japan,781864,2019-09-14
1352,goods,Japan,783979,2019-09-15
1353,goods,Japan,787386,2019-09-16
1354,goods,Japan,791954,2019-09-17
1355,goods,Japan,793666,2019-09-18
1356,goods,Japan,796381,2019-09-19
1357,goods,Japan,798412,2019-09-20
1358,goods,Japan,802676,2019-09-21
1359,goods,Japan,806505,2019-09-22
1360,goods,Japan,809411,2019-09-23
1361,goods,Japan,813147,2019-09-24
1362,goods,Japan,814692,2019-09-25
1363,goods,Japan,816794,2019-09-26
1364,goods,Japan,819990,2019-09-27
1365,goods,Japan,823248,2019-09-28
1366,goods,Japan,826668,2019-09-29
1367,goods,Japan,829534,2019-09-30
1368,goods,Japan,832528,2019-10-01
1369,goods,Japan,833776,2019-10-02
1370,goods,Japan,834782,2019-10-03
1371,goods,Japan,838097,2019-10-04
1372,goods,Japan,839760,2019-10-05
1373,goods,Japan,841915,2019-10-06
1374,goods,Japan,843583,2019-10-07
1375,goods,Japan,845629,2019-10-08
1376,goods,Japan,846697,2019-10-09
1377,goods,Japan,849419,2019-10-10
1378,goods,Japan,851895,2019-10-11
1379,goods,Japan,855965,2019-10-12
1380,goods,Japan,860384,2019-10-13
1381,goods,Japan,864127,2019-10-14
1382,goods,Japan,865816,2019-10-15
1383,goods,Japan,868161,2019-10-16
1384,goods,Japan,870044,2019-10-17
1385,goods,Japan,874823,2019-10-18
1386,goods,Japan,875941,2019-10-19
1387,goods,Japan,879663,2019-10-20
1388,goods,Japan,883272,2019-10-21
1389,goods,Japan,884869,2019-10-22
1390,goods,Japan,888717,2019-10-23
1391,goods,Japan,892775,2019-10-24
1392,goods,Japan,896994,2019-10-25
1393,goods,Japan,900408,2019-10-26
1394,goods,Japan,904901,2019-10-27
1395,goods,Japan,907339,2019-10-28
1396,goods,Japan,908867,2019-10-29
1397,goods,Japan,912539,2019-10-30
1398,goods,Japan,915498,2019-10-31
1399,goods,Japan,918676,2019-11-01
1400,goods,Japan,921736,2019-11-02
1401,goods,Japan,924158,2019-11-03
1402,goods,Japan,925602,2019-11-04
1403,goods,Japan,927188,2019-11-05
1404,goods,Japan,929818,2019-11-06
1405,goods,Japan,934080,2019-11-07
1406,goods,Japan,935424,2019-11-08
1407,goods,Japan,939979,2019-11-09
1408,goods,Japan,944582,2019-11-10
1409,goods,Japan,946874,2019-11-11
1410,goods,Japan,951540,2019-11-12
1411,goods,Japan,953018,2019-11-13
1412,goods,Japan,955830,2019-11-14
1413,goods,Japan,959850,2019-11-15
1414,goods,Japan,960860,2019-11-16
1415,goods,Japan,963375,2019-11-17
1416,goods,Japan,966127,2019-11-18
1417,goods,Japan,967809,2019-11-19
1418,goods,Japan,972205,2019-11-20
1419,goods,Japan,973606,2019-11-21
1420,goods,Japan,976902,2019-11-22
1421,goods,Japan,977995,2019-11-23
1422,goods,Japan,981352,2019-11-24
1423,goods,Japan,984186,2019-11-25
1424,goods,Japan,986391,2019-11-26
1425,goods,Japan,987959,2019-11-27
1426,goods,Japan,991869,2019-11-28
1427,goods,Japan,995085,2019-11-29
1428,goods,Japan,997617,2019-11-30
1429,goods,Japan,1002448,2019-12-01
1430,goods,Japan,1005357,2019-12-02
1431,goods,Japan,1007141,2019-12-03
1432,goods,Japan,1010464,2019-12-04
1433,goods,Japan,1012167,2019-12-05
1434,goods,Japan,1015144,2019-12-06
1435,goods,Japan,1018374,2019-12-07
1436,goods,Japan,1023325,2019-12-08
1437,goods,Japan,1024497,2019-12-09
1438,goods,Japan,1028435,2019-12-10
1439,goods,Japan,1032220,2019-12-11
1440,goods,Japan,1033448,2019-12-12
1441,goods,Japan,1037787,2019-12-13
1442,goods,Japan,1039164,2019-12-14
1443,goods,Japan,1041330,2019-12-15
1444,goods,Japan,1045212,2019-12-16
1445,goods,Japan,1047301,2019-12-17
1446,goods,Japan,1049960,2019-12-18
1447,goods,Japan,1051607,2019-12-19
1448,goods,Japan,1053056,2019-12-20
1449,goods,Japan,1057465,2019-12-21
1450,goods,Japan,1060645,2019-12-22
1451,goods,Japan,1064375,2019-12-23
1452,goods,Japan,1068498,2019-12-24
1453,goods,Japan,1071632,2019-12-25
1454,goods,Japan,1073032,2019-12-26
1455,goods,Japan,1074226,2019-12-27
1456,goods,Japan,1078433,2019-12-28
1457,goods,Japan,1083280,2019-12-29
1458,goods,Japan,1086423,2019-12-30
1459,goods,Japan,1090712,2019-12-31
1460,chips,England,10000,2019-01-01
1461,chips,England,14319,2019-01-02
1462,chips,England,18604,2019-01-03
1463,chips,England,21141,2019-01-04
1464,chips,England,24362,2019-01-05
1465,chips,England,28086,2019-01-06
1466,chips,England,31086,2019-01-07
1467,chips,England,32907,2019-01-08
1468,chips,England,36439,2019-01-09
1469,chips,England,37630,2019-01-10
1470,chips,England,39218,2019-01-11
1471,chips,England,43247,2019-01-12
1472,chips,England,46372,2019-01-13
1473,chips,England,49527,2019-01-14
1474,chips,England,53526,2019-01-15
1475,chips,England,58477,2019-01-16
1476,chips,England,63471,2019-01-17
1477,chips,England,66772,2019-01-18
1478,chips,England,70641,2019-01-19
1479,chips,England,74484,2019-01-20
1480,chips,England,77481,2019-01-21
1481,chips,England,79865,2019-01-22
1482,chips,England,83292,2019-01-23
1483,chips,England,87502,2019-01-24
1484,chips,England,91025,2019-01-25
1485,chips,England,95216,2019-01-26
1486,chips,England,98475,2019-01-27
1487,chips,England,102356,2019-01-28
1488,chips,England,107047,2019-01-29
1489,chips,England,111599,2019-01-30
1490,chips,England,113189,2019-01-31
1491,chips,England,115681,2019-02-01
1492,chips,England,120404,2019-02-02
1493,chips,England,122933,2019-02-03
1494,chips,England,124725,2019-02-04
1495,chips,England,126785,2019-02-05
1496,chips,England,129866,2019-02-06
1497,chips,England,134641,2019-02-07
1498,chips,England,138333,2019-02-08
1499,chips,England,142353,2019-02-09
1500,chips,England,146894,2019-02-10
1501,chips,England,151290,2019-02-11
1502,chips,England,154850,2019-02-12
1503,chips,England,158859,2019-02-13
1504,chips,England,162518,2019-02-14
1505,chips,England,164564,2019-02-15
1506,chips,England,167698,2019-02-16
1507,chips,England,172345,2019-02-17
1508,chips,England,176334,2019-02-18
1509,chips,England,179828,2019-02-19
1510,chips,England,182354,2019-02-20
1511,chips,England,186557,2019-02-21
1512,chips,England,189138,2019-02-22
1513,chips,England,191567,2019-02-23
1514,chips,England,196022,2019-02-24
1515,chips,England,198921,2019-02-25
1516,chips,England,203448,2019-02-26
1517,chips,England,208224,2019-02-27
1518,chips,England,212349,2019-02-28
1519,chips,England,215489,2019-03-01
1520,chips,England,217163,2019-03-02
1521,chips,England,219616,2019-03-03
1522,chips,England,220844,2019-03-04
1523,chips,England,223249,2019-03-05
1524,chips,England,225293,2019-03-06
1525,chips,England,229125,2019-03-07
1526,chips,England,230962,2019-03-08
1527,chips,England,232537,2019-03-09
1528,chips,England,235009,2019-03-10
1529,chips,England,238134,2019-03-11
1530,chips,England,242170,2019-03-12
1531,chips,England,244343,2019-03-13
1532,chips,England,248508,2019-03-14
1533,chips,England,250124,2019-03-15
1534,chips,England,252304,2019-03-16
1535,chips,England,254139,2019-03-17
1536,chips,England,257763,2019-03-18
1537,chips,England,260065,2019-03-19
1538,chips,England,262890,2019-03-20
1539,chips,England,263929,2019-03-21
1540,chips,England,267662,2019-03-22
1541,chips,England,271332,2019-03-23
1542,chips,England,274077,2019-03-24
1543,chips,England,275860,2019-03-25
1544,chips,England,277239,2019-03-26
1545,chips,England,281802,2019-03-27
1546,chips,England,283221,2019-03-28
1547,chips,England,286517,2019-03-29
1548,chips,England,287837,2019-03-30
1549,chips,England,292053,2019-03-31
1550,chips,England,296008,2019-04-01
1551,chips,England,299749,2019-04-02
1552,chips,England,301878,2019-04-03
1553,chips,England,305273,2019-04-04
1554,chips,England,309249,2019-04-05
1555,chips,England,313490,2019-04-06
1556,chips,England,316162,2019-04-07
1557,chips,England,321082,2019-04-08
1558,chips,England,325244,2019-04-09
1559,chips,England,328997,2019-04-10
1560,chips,England,330406,2019-04-11
1561,chips,England,334477,2019-04-12
1562,chips,England,338660,2019-04-13
1563,chips,England,342271,2019-04-14
1564,chips,England,345682,2019-04-15
1565,chips,England,349950,2019-04-16
1566,chips,England,354514,2019-04-17
1567,chips,England,359398,2019-04-18
1568,chips,England,360985,2019-04-19
1569,chips,England,362965,2019-04-20
1570,chips,England,367640,2019-04-21
1571,chips,England,368830,2019-04-22
1572,chips,England,372679,2019-04-23
1573,chips,England,376956,2019-04-24
1574,chips,England,380368,2019-04-25
1575,chips,England,382325,2019-04-26
1576,chips,England,383958,2019-04-27
1577,chips,England,386492,2019-04-28
1578,chips,England,388254,2019-04-29
1579,chips,England,392635,2019-04-30
1580,chips,England,394657,2019-05-01
1581,chips,England,397454,2019-05-02
1582,chips,England,400244,2019-05-03
1583,chips,England,401647,2019-05-04
1584,chips,England,403731,2019-05-05
1585,chips,England,407879,2019-05-06
1586,chips,England,409790,2019-05-07
1587,chips,England,411513,2019-05-08
1588,chips,England,416231,2019-05-09
1589,chips,England,421076,2019-05-10
1590,chips,England,423036,2019-05-11
1591,chips,England,424444,2019-05-12
1592,chips,England,428108,2019-05-13
1593,chips,England,432726,2019-05-14
1594,chips,England,433972,2019-05-15
1595,chips,England,436311,2019-05-16
1596,chips,England,440446,2019-05-17
1597,chips,England,442958,2019-05-18
1598,chips,England,444422,2019-05-19
1599,chips,England,446864,2019-05-20
1600,chips,England,448424,2019-05-21
1601,chips,England,450670,2019-05-22
1602,chips,England,453684,2019-05-23
1603,chips,England,458619,2019-05-24
1604,chips,England,459888,2019-05-25
1605,chips,England,464301,2019-05-26
1606,chips,England,467716,2019-05-27
1607,chips,England,470411,2019-05-28
1608,chips,England,475014,2019-05-29
1609,chips,England,478459,2019-05-30
1610,chips,England,480072,2019-05-31
1611,chips,England,481269,2019-06-01
1612,chips,England,484756,2019-06-02
1613,chips,England,486022,2019-06-03
1614,chips,England,487881,2019-06-04
1615,chips,England,491516,2019-06-05
1616,chips,England,494263,2019-06-06
1617,chips,England,498023,2019-06-07
1618,chips,England,502317,2019-06-08
1619,chips,England,504011,2019-06-09
1620,chips,England,505859,2019-06-10
1621,chips,England,508515,2019-06-11
1622,chips,England,510581,2019-06-12
1623,chips,England,513455,2019-06-13
1624,chips,England,516675,2019-06-14
1625,chips,England,518329,2019-06-15
1626,chips,England,523205,2019-06-16
1627,chips,England,525817,2019-06-17
1628,chips,England,529162,2019-06-18
1629,chips,England,531790,2019-06-19
1630,chips,England,536744,2019-06-20
1631,chips,England,540251,2019-06-21
1632,chips,England,541705,2019-06-22
1633,chips,England,543400,2019-06-23
1634,chips,England,547688,2019-06-24
1635,chips,England,552010,2019-06-25
1636,chips,England,556239,2019-06-26
1637,chips,England,560282,2019-06-27
1638,chips,England,562811,2019-06-28
1639,chips,England,563992,2019-06-29
1640,chips,England,567508,2019-06-30
1641,chips,England,568899,2019-07-01
1642,chips,England,571568,2019-07-02
1643,chips,England,576170,2019-07-03
1644,chips,England,578463,2019-07-04
1645,chips,England,581806,2019-07-05
1646,chips,England,585981,2019-07-06
1647,chips,England,590457,2019-07-07
1648,chips,England,593520,2019-07-08
1649,chips,England,597993,2019-07-09
1650,chips,England,599732,2019-07-10
1651,chips,England,603831,2019-07-11
1652,chips,England,607504,2019-07-12
1653,chips,England,611294,2019-07-13
1654,chips,England,615820,2019-07-14
1655,chips,England,618566,2019-07-15
1656,chips,England,620562,2019-07-16
1657,chips,England,624975,2019-07-17
1658,chips,England,628306,2019-07-18
1659,chips,England,632215,2019-07-19
1660,chips,England,634140,2019-07-20
1661,chips,England,637453,2019-07-21
1662,chips,England,639641,2019-07-22
1663,chips,England,642382,2019-07-23
1664,chips,England,647210,2019-07-24
1665,chips,England,651759,2019-07-25
1666,chips,England,655808,2019-07-26
1667,chips,England,658768,2019-07-27
1668,chips,England,662662,2019-07-28
1669,chips,England,667297,2019-07-29
1670,chips,England,668393,2019-07-30
1671,chips,England,671124,2019-07-31
1672,chips,England,675197,2019-08-01
1673,chips,England,677213,2019-08-02
1674,chips,England,679624,2019-08-03
1675,chips,England,681489,2019-08-04
1676,chips,England,682506,2019-08-05
1677,chips,England,685718,2019-08-06
1678,chips,England,687864,2019-08-07
1679,chips,England,689044,2019-08-08
1680,chips,England,690578,2019-08-09
1681,chips,England,693739,2019-08-10
1682,chips,England,697012,2019-08-11
1683,chips,England,700386,2019-08-12
1684,chips,England,704619,2019-08-13
1685,chips,England,708428,2019-08-14
1686,chips,England,712996,2019-08-15
1687,chips,England,715943,2019-08-16
1688,chips,England,717185,2019-08-17
1689,chips,England,719997,2019-08-18
1690,chips,England,721099,2019-08-19
1691,chips,England,725083,2019-08-20
1692,chips,England,726385,2019-08-21
1693,chips,England,728244,2019-08-22
1694,chips,England,731328,2019-08-23
1695,chips,England,732779,2019-08-24
1696,chips,England,737105,2019-08-25
1697,chips,England,740290,2019-08-26
1698,chips,England,742596,2019-08-27
1699,chips,England,745347,2019-08-28
1700,chips,England,749889,2019-08-29
1701,chips,England,754198,2019-08-30
1702,chips,England,755855,2019-08-31
1703,chips,England,759782,2019-09-01
1704,chips,England,763538,2019-09-02
1705,chips,England,766167,2019-09-03
1706,chips,England,769233,2019-09-04
1707,chips,England,773272,2019-09-05
1708,chips,England,778191,2019-09-06
1709,chips,England,782035,2019-09-07
1710,chips,England,783656,2019-09-08
1711,chips,England,788099,2019-09-09
1712,chips,England,792884,2019-09-10
1713,chips,England,796138,2019-09-11
1714,chips,England,797828,2019-09-12
1715,chips,England,802786,2019-09-13
1716,chips,England,807706,2019-09-14
1717,chips,England,809046,2019-09-15
1718,chips,England,812577,2019-09-16
1719,chips,England,816125,2019-09-17
1720,chips,England,819947,2019-09-18
1721,chips,England,822901,2019-09-19
1722,chips,England,824273,2019-09-20
1723,chips,England,825777,2019-09-21
1724,chips,England,829261,2019-09-22
1725,chips,England,830767,2019-09-23
1726,chips,England,833700,2019-09-24
1727,chips,England,838145,2019-09-25
1728,chips,England,842115,2019-09-26
1729,chips,England,847069,2019-09-27
1730,chips,England,849853,2019-09-28
1731,chips,England,853911,2019-09-29
1732,chips,England,855302,2019-09-30
1733,chips,England,857692,2019-10-01
1734,chips,England,859710,2019-10-02
1735,chips,England,861614,2019-10-03
1736,chips,England,862632,2019-10-04
1737,chips,England,867525,2019-10-05
1738,chips,England,870305,2019-10-06
1739,chips,England,873985,2019-10-07
1740,chips,England,877213,2019-10-08
1741,chips,England,878780,2019-10-09
1742,chips,England,881544,2019-10-10
1743,chips,England,884444,2019-10-11
1744,chips,England,887659,2019-10-12
1745,chips,England,890264,2019-10-13
1746,chips,England,895184,2019-10-14
1747,chips,England,898757,2019-10-15
1748,chips,England,901508,2019-10-16
1749,chips,England,905796,2019-10-17
1750,chips,England,908587,2019-10-18
1751,chips,England,913430,2019-10-19
1752,chips,England,915435,2019-10-20
1753,chips,England,920142,2019-10-21
1754,chips,England,921864,2019-10-22
1755,chips,England,925524,2019-10-23
1756,chips,England,927438,2019-10-24
1757,chips,England,930350,2019-10-25
1758,chips,England,932741,2019-10-26
1759,chips,England,936780,2019-10-27
1760,chips,England,938028,2019-10-28
1761,chips,England,940558,2019-10-29
1762,chips,England,941986,2019-10-30
1763,chips,England,945139,2019-10-31
1764,chips,England,949770,2019-11-01
1765,chips,England,953505,2019-11-02
1766,chips,England,954546,2019-11-03
1767,chips,England,959264,2019-11-04
1768,chips,England,961866,2019-11-05
1769,chips,England,966641,2019-11-06
1770,chips,England,970463,2019-11-07
1771,chips,England,972185,2019-11-08
1772,chips,England,976509,2019-11-09
1773,chips,England,978626,2019-11-10
1774,chips,England,980341,2019-11-11
1775,chips,England,984153,2019-11-12
1776,chips,England,986443,2019-11-13
1777,chips,England,989293,2019-11-14
1778,chips,England,991146,2019-11-15
1779,chips,England,993401,2019-11-16
1780,chips,England,997594,2019-11-17
1781,chips,England,1000738,2019-11-18
1782,chips,England,1003953,2019-11-19
1783,chips,England,1007898,2019-11-20
1784,chips,England,1009519,2019-11-21
1785,chips,England,1012690,2019-11-22
1786,chips,England,1015852,2019-11-23
1787,chips,England,1017372,2019-11-24
1788,chips,England,1021699,2019-11-25
1789,chips,England,1025209,2019-11-26
1790,chips,England,1026366,2019-11-27
1791,chips,England,1029349,2019-11-28
1792,chips,England,1031635,2019-11-29
1793,chips,England,1033690,2019-11-30
1794,chips,England,1038653,2019-12-01
1795,chips,England,1042614,2019-12-02
1796,chips,England,1045831,2019-12-03
1797,chips,England,1049699,2019-12-04
1798,chips,England,1053079,2019-12-05
1799,chips,England,1056483,2019-12-06
1800,chips,England,1061111,2019-12-07
1801,chips,England,1064767,2019-12-08
1802,chips,England,1067080,2019-12-09
1803,chips,England,1069390,2019-12-10
1804,chips,England,1071469,2019-12-11
1805,chips,England,1074064,2019-12-12
1806,chips,England,1078430,2019-12-13
1807,chips,England,1082623,2019-12-14
1808,chips,England,1086473,2019-12-15
1809,chips,England,1087638,2019-12-16
1810,chips,England,1092178,2019-12-17
1811,chips,England,1096330,2019-12-18
1812,chips,England,1101012,2019-12-19
1813,chips,England,1104748,2019-12-20
1814,chips,England,1108734,2019-12-21
1815,chips,England,1112895,2019-12-22
1816,chips,England,1115960,2019-12-23
1817,chips,England,1117398,2019-12-24
1818,chips,England,1120680,2019-12-25
1819,chips,England,1121680,2019-12-26
1820,chips,England,1125293,2019-12-27
1821,chips,England,1127952,2019-12-28
1822,chips,England,1131680,2019-12-29
1823,chips,England,1134601,2019-12-30
1824,chips,England,1137181,2019-12-31
